,word,mean_dist,mean_freq
52,велик_ADJ,0.7700530663132668,7.945707430141916e-07
51,литовской_ADJ,0.7569523751735687,6.351691351219802e-07
61,намерить_ADJ,0.7477393969893456,4.211307525526251e-07
133,вольная_ADJ,0.7367826998233795,2.709857492793137e-07
23,тим_ADJ,0.734345093369484,3.853987793226678e-06
112,дешевизна_ADJ,0.719078928232193,3.16647853476049e-07
83,чердынский_ADJ,0.699558213353157,7.241638585021891e-07
43,будапештский_ADJ,0.683477133512497,7.800025308290014e-07
105,бестрепетный_ADJ,0.6814096719026566,5.851561436735688e-07
3,демонстративной_ADJ,0.6745303422212601,4.792552791019816e-07
82,во-вторых_ADJ,0.6496943086385727,3.8272512039085723e-07
74,средоточие_ADJ,0.6445651203393936,3.60618502032208e-07
19,жертветь_ADJ,0.644383579492569,4.876949782952385e-07
39,законченный_ADJ,0.6307258605957031,9.221335839365187e-07
102,фракционный_ADJ,0.6184869408607483,8.731503724274818e-07
130,фигаро_ADJ,0.614389181137085,2.647596513522295e-07
47,приснопамятный_ADJ,0.6137655228376389,8.434677844235475e-07
70,пизанский_ADJ,0.6083882302045822,5.24527415237554e-07
101,трехчасовый_ADJ,0.6079880744218826,7.45073829872485e-07
50,-научный_ADJ,0.6044600903987885,3.043121355374783e-07
32,принудить_ADJ,0.6004630252718925,6.429681712300608e-06
127,грузно_ADJ,0.5966485887765884,3.516723568621904e-07
29,бытийный_ADJ,0.5939140021800995,7.072929041086017e-07
122,аракчеевский_ADJ,0.5907342433929443,9.895402695726223e-07
33,змеевидный_ADJ,0.5875866711139679,4.334385393493138e-07
49,предшествующий_ADJ,0.5868878364562988,5.997946038205368e-07
107,измерить_ADJ,0.5801178514957428,5.450238690734336e-07
100,богохульный_ADJ,0.5794546902179718,5.814063164912611e-07
80,неукоснительно_ADJ,0.5697527229785919,3.3258661286541286e-07
118,подбить_ADJ,0.5695064663887024,4.3746792399607845e-07
16,головинский_ADJ,0.5693283081054688,4.5575803222169436e-07
42,неласково_ADJ,0.5648422986268997,2.3496962359413263e-07
120,черненько_ADJ,0.557809442281723,4.743877193750923e-07
124,кольцеобразный_ADJ,0.5551558285951614,3.847258471432986e-07
64,шпалерный_ADJ,0.5478931069374084,1.2841584141392002e-06
125,больное_ADJ,0.5468558222055435,4.39488732065984e-07
63,парикмахерская_ADJ,0.5433840304613113,9.99946697057547e-07
92,ивановская_ADJ,0.5327785462141037,1.209234591984119e-06
7,вдовий_ADJ,0.5310965776443481,1.4304845306054434e-06
75,рачий_ADJ,0.5247001945972443,5.351140327462582e-07
123,переговорный_ADJ,0.51750248670578,3.2810590587448305e-06
37,трещать_ADJ,0.5130765587091446,2.837198792719739e-07
97,курск_ADJ,0.5123826563358307,5.181460875860285e-07
71,таганрогский_ADJ,0.510009840130806,2.6544461295102458e-06
98,сухаревский_ADJ,0.5054673850536346,6.327595473279291e-07
110,безразлично_ADJ,0.5002705603837967,2.7479329558679998e-06
73,чернышевский_ADJ,0.4993480145931244,1.8094706444809544e-06
0,вальяжный_ADJ,0.4950607270002365,1.5864856194283359e-06
129,ловчий_ADJ,0.4944685101509094,7.63148092741826e-07
26,зуб_ADJ,0.49105046689510345,6.717103772753012e-07
81,программный_ADJ,0.4899081289768219,1.8611898955327382e-05
108,погребать_ADJ,0.488252654671669,6.790803563833228e-07
31,замучить_ADJ,0.48305438458919525,9.333891328023339e-07
54,суженый_ADJ,0.4749867916107178,2.046073113078423e-06
106,сирена_ADJ,0.4714818447828293,1.4860684801333332e-06
87,семеро_ADJ,0.47062985599040985,1.0983406516086094e-06
14,мануфактурный_ADJ,0.4653005450963974,2.4836047491826834e-06
38,зерновой_ADJ,0.4606558680534363,4.081858773673387e-06
109,повстанческий_ADJ,0.4575919061899185,2.232595239809553e-06
59,болван_ADJ,0.4543299674987793,5.358687028438594e-06
115,слабохарактерный_ADJ,0.45198529958724976,7.123193842047891e-07
40,киргизский_ADJ,0.4453490078449249,4.848731167908214e-06
28,свистящий_ADJ,0.4397542178630829,5.73247957267987e-07
12,круговой_ADJ,0.4379059672355652,1.0327196695190581e-05
4,такой_ADJ,0.43594780564308167,1.1861462959225643e-05
116,пастушеский_ADJ,0.4328186511993408,1.5054800115483874e-06
24,водородный_ADJ,0.4321422278881073,4.350467025480093e-06
91,благороднейший_ADJ,0.43098650872707367,3.375690737353443e-06
90,аккуратьный_ADJ,0.4258594810962677,4.0026738281559045e-07
2,бесноватый_ADJ,0.425515353679657,1.980443830693509e-06
95,малюсенький_ADJ,0.4175366461277008,3.259129340223087e-06
132,судейский_ADJ,0.4170650839805603,6.592068036686978e-06
56,ротовой_ADJ,0.41361215710639954,8.497830232928563e-07
34,-культурный_ADJ,0.41252291202545166,1.2712187621439809e-06
76,аляповатый_ADJ,0.4119446575641632,1.163999425151864e-06
30,приблудный_ADJ,0.4116891324520111,1.2544502716674187e-06
45,войти_ADJ,0.40737438201904297,1.8644556645678735e-06
18,моторный_ADJ,0.3986414670944214,7.452005565354423e-06
27,звать-то_ADJ,0.3956349492073059,3.349464056945916e-07
20,белозерский_ADJ,0.3951728343963623,1.054821900716269e-06
121,ворчливый_ADJ,0.39275333285331726,2.163951001191285e-06
104,чернеть_ADJ,0.3909415006637573,8.156566195949017e-07
11,зачаточный_ADJ,0.3876441419124603,1.929663728784327e-06
96,подробнейший_ADJ,0.38306036591529846,1.1244379028051798e-06
66,совестливый_ADJ,0.38300028443336487,2.352215417674507e-06
44,ограничительный_ADJ,0.3805926740169525,1.6367697243482773e-06
94,бережливый_ADJ,0.3787323236465454,1.7294069607904359e-06
57,одноклеточный_ADJ,0.3778662085533142,1.0534948586690084e-06
58,тревожно_ADJ,0.37533608078956604,1.3199040205213596e-06
1,теснейший_ADJ,0.37487930059432983,2.8919083176665e-06
114,предельный_ADJ,0.3727846145629883,1.978717254479665e-05
13,евругой_ADJ,0.36828529834747314,9.483091554083522e-07
21,полувоенный_ADJ,0.36821427941322327,1.1603774907206239e-06
68,эмалированный_ADJ,0.3675551414489746,2.57428213608767e-06
15,пространный_ADJ,0.3672686219215393,8.554686733747855e-06
79,рассеянный_ADJ,0.367258757352829,7.679377829236956e-06
36,пушный_ADJ,0.3620341122150421,1.603184359256366e-06
131,-артиллерийский_ADJ,0.3563809394836426,6.514777812550427e-07
77,здравомыслящий_ADJ,0.3557794392108917,1.6715795707151612e-06
113,казарменный_ADJ,0.3500179052352905,3.04789539249082e-06
69,реакционный_ADJ,0.34756165742874146,9.807019973494177e-06
22,спасительный_ADJ,0.34691858291625977,1.6392816127278386e-05
8,чешский_ADJ,0.3359474241733551,1.2325764361229235e-05
55,упитанный_ADJ,0.333072692155838,1.3868771073055829e-06
6,епископский_ADJ,0.3291091322898865,2.148597008053945e-06
103,досадный_ADJ,0.3275025486946106,1.7840065714205113e-05
53,караульный_ADJ,0.32279306650161743,9.542459530779978e-06
9,штыковый_ADJ,0.3116407096385956,1.3779892010933639e-06
117,солдатский_ADJ,0.3112913966178894,4.120464472735951e-05
93,хитроумный_ADJ,0.3053869605064392,5.452873436870275e-06
10,замкнутый_ADJ,0.3000032305717468,1.2391890828940408e-05
99,тюремный_ADJ,0.2944580614566803,3.383156947898593e-05
84,исхудалый_ADJ,0.29026833176612854,3.7229332925201854e-06
86,сенсационный_ADJ,0.28340694308280945,6.368917704601839e-06
78,вулканический_ADJ,0.2668111026287079,4.732583264755705e-06
41,трансцендентальный_ADJ,0.2649219334125519,3.670537427304047e-06
25,аппетитный_ADJ,0.262128084897995,2.8613426098209015e-06
65,дурной_ADJ,0.26033419370651245,8.955778282878507e-05
67,сухопарый_ADJ,0.25653207302093506,1.9056315106168886e-06
60,петровна_ADJ,0.25377145409584045,4.1586879939079605e-06
126,детский_ADJ,0.25120535492897034,0.00020057337176583543
119,деятельный_ADJ,0.24953871965408325,2.6032530940198634e-05
48,некрашеный_ADJ,0.24881896376609802,2.4572283122010976e-06
17,беззубый_ADJ,0.2485378086566925,5.372791705635428e-06
46,меньший_ADJ,0.2458849549293518,7.810676655326834e-05
5,непригодный_ADJ,0.23909476399421692,5.8681717502018355e-06
85,неукротимый_ADJ,0.23631083965301514,4.379228712903441e-06
88,всеобщий_ADJ,0.22852137684822083,7.740750519659406e-05
62,меткий_ADJ,0.22528287768363953,7.4003883562903e-06
89,немолодой_ADJ,0.19949695467948914,1.3787666663125171e-05
35,продолжительный_ADJ,0.19189581274986267,3.244534686765332e-05
111,статный_ADJ,0.19076204299926758,8.201874209906151e-06
72,неподвижный_ADJ,0.16645210981369019,4.5885456812369384e-05
128,другой_ADJ,0.11764219403266907,0.0031675506599758044
